{
  "model": "LogisticRegression",
  "solver": "lbfgs",
  "C": 1.0,
  "intercept": 0.226903,
  "n_features": 42,
  "cv_roc_auc_mean": 0.9102,
  "cv_roc_auc_std": 0.0019,
  "cv_fold_scores": [
    0.9094,
    0.9128,
    0.9107,
    0.9111,
    0.9072
  ],
  "coefficients": {
    "age": -0.026477,
    "default": -0.027123,
    "balance": 0.073469,
    "housing": -0.390459,
    "loan": -0.186755,
    "day": 0.039152,
    "duration": 2.085639,
    "campaign": -0.245016,
    "pdays": 0.039828,
    "previous": 0.059508,
    "job_blue-collar": -0.162965,
    "job_entrepreneur": -0.069688,
    "job_housemaid": -0.086044,
    "job_management": -0.077088,
    "job_retired": 0.091165,
    "job_self-employed": -0.085435,
    "job_services": -0.076698,
    "job_student": 0.087036,
    "job_technician": -0.084746,
    "job_unemployed": -0.041621,
    "job_unknown": -0.026777,
    "marital_married": -0.093312,
    "marital_single": 0.08481,
    "education_secondary": 0.107365,
    "education_tertiary": 0.209464,
    "education_unknown": 0.063978,
    "contact_telephone": 0.014346,
    "contact_unknown": -0.664878,
    "month_aug": -0.310837,
    "month_dec": 0.084634,
    "month_feb": -0.017555,
    "month_jan": -0.227376,
    "month_jul": -0.377753,
    "month_jun": 0.089099,
    "month_mar": 0.275541,
    "month_may": -0.319507,
    "month_nov": -0.26939,
    "month_oct": 0.226273,
    "month_sep": 0.15578,
    "poutcome_other": 0.076519,
    "poutcome_success": 0.74958,
    "poutcome_unknown": -0.015051
  }
}